"V1","V2","V3","V4","V5","V6","V7","V8","V9","V10","V11","V12","V13","V14","V15","V16","V17","V18","V19","V20","V21","V22","V23","V24","V25","V26","V27","V28","V29","V30","V31","V32","V33","V34","V35","V36","V37","V38","V39","V40","V41","V42","V43","V44","V45","V46","V47","V48","V49","V50","V51","V52","V53","V54","V55","V56","V57","V58","V59","V60","V61","V62","V63","V64","V65","V66","V67","V68","V69","V70","V71","V72","V73","V74","V75","V76","V77","V78","V79","V80","V81","V82","V83","V84","V85","V86","V87","V88","V89","V90","V91","V92","V93","V94","V95","V96","V97","V98","V99","V100"
877982,194896,195387,102567,74535,166847,112346,57812,144800,40178,39661,86684,31707,100798,21331,27648,72443,33435,15754,38419,33828,35085,64181,23000,59968,1725,44081,15153,25247,12310,23811,28866,26419,12797,1725,46110,36550,52001,52863,50420,19258,13583,15285,15638,25588,5771,14460,10381,7576,9831,58856,12207,39318,8376,41808,15797,7246,11281,5207,12275,7894,6263,35494,12562,18564,18333,6757,4907,10490,11094,13469,27641,49597,13795,5463,12964,5032,3574,6656,7808,33822,2988,7561,12348,5364,7719,8016,11272,5146,4611,4024,3672,4650,5027,3036,3538,12412,5474,2564,3742
0,683086,543285,533294,203558,92691,47137,290633,75476,94500,58114,58285,67200,96080,52501,40091,19021,30353,41419,22062,16276,26132,22425,21946,32819,12883,22905,36601,43330,20218,61703,38052,63053,14362,51742,37652,29814,13424,26015,10766,5595,7333,7775,5496,42993,1725,58835,13400,14623,7011,7363,10560,7323,14316,32557,7764,11195,4181,7270,7134,19131,7519,7512,4653,5870,4323,5160,8817,5068,6421,6778,7621,6925,5358,9850,3433,9934,12577,14001,7070,5431,4753,5226,12085,2524,7752,6729,5680,5848,9107,9780,27105,16590,6263,12983,5996,3786,11225,13716,5791
0,0,139310,164488,379671,61999,82535,42861,83087,83024,69117,56158,53858,53010,27705,52654,22038,38067,16196,36160,24837,25201,16311,25516,33666,23824,20063,30728,11332,30772,37004,15768,22147,19592,21570,16771,23988,1725,24927,9349,13350,8795,10927,18471,46677,20229,31787,13211,9789,9591,15090,46833,18095,11241,7541,14617,30409,7537,18210,13968,4155,5406,7612,9300,14979,7001,12708,4527,18221,16552,11184,8575,9554,11649,8774,11768,6688,12973,4206,3282,11159,1725,4520,5562,3370,4784,20662,7708,3774,33103,4182,1036,2969,7983,7450,1725,7919,7994,6697,6266
0,0,0,77633,71769,366111,362755,46346,56171,54609,69732,101860,50185,24572,27884,57547,28468,29980,28196,42623,114839,58643,21334,22598,13606,24358,23799,20352,21926,11312,10702,10866,18922,11716,37625,20805,1725,8225,16804,21845,50731,8940,19424,18565,5519,14517,6521,11386,12868,15320,4940,16063,10213,5685,7026,7988,18096,18834,31809,24960,6406,17955,1725,17969,6723,38399,4450,7044,9411,15983,25682,18481,15856,18597,8967,10344,5465,3655,5358,8256,6238,33880,6702,2533,8841,3138,13670,17262,16110,11536,8738,11559,2528,1725,19854,12887,16497,14053,11114,4903
0,0,0,0,148449,74871,58384,127240,46031,250143,75071,32767,100910,32784,34892,39926,86276,41879,134114,34638,25187,16110,35634,40518,20914,50492,27394,31720,65568,8875,14939,20602,21985,40855,18853,34372,14356,57000,93048,32614,15551,8650,36403,13580,10287,24855,15588,10113,15018,16067,6236,25551,8059,14995,4345,11435,6171,14306,10984,6618,14429,8903,19880,13484,5507,7909,8482,5398,18749,6508,49208,11173,7734,15919,6766,7609,3670,10030,12933,4955,3521,3124,4004,14539,3415,7316,8046,5092,4094,3365,4419,5580,8243,3855,7077,7125,13546,7252,10084,6299
0,0,0,0,0,115463,55733,71340,63944,45590,52136,210020,59150,190762,62072,46567,52517,45762,35804,45878,105215,52694,42449,110616,23325,19945,37616,26730,20245,11941,10627,10218,37300,18349,18982,13471,15776,20496,16168,92751,25588,48640,12745,16509,15121,20682,43928,7181,13396,14287,14294,14262,5541,26216,7007,10428,18021,5771,6953,1725,7346,17492,4639,7835,61266,5736,11911,20525,6368,5892,11065,6852,7642,9498,4603,1725,9536,10953,8329,4585,10413,6922,5189,3179,3712,11491,8054,6102,5357,7745,12619,8252,12107,12937,5503,6201,9173,2603,32271,12788
0,0,0,0,0,0,159092,83586,114054,69703,88033,73857,57943,42546,28227,28191,33522,70446,31460,77922,45648,74317,20769,31144,40869,14380,67171,41492,24163,23538,26050,10944,47529,24060,7157,22709,14115,15707,9173,18789,14263,59146,7649,56420,14949,19930,25238,8174,7137,7130,7697,14640,8388,8145,24597,23910,41037,9051,12963,15262,11329,45858,9422,7581,28150,4318,13230,6374,43981,6629,4902,13971,12818,9214,31893,10740,25159,12585,9711,13000,4561,18392,9188,7698,5570,9562,4338,4064,10007,6412,10674,5252,7409,13752,5940,7801,6514,4741,5588,6278
0,0,0,0,0,0,0,158164,41097,60498,69816,32577,47524,46219,57956,89478,51103,37552,31547,52405,61853,71961,13162,34718,33682,63168,57942,33497,28402,54208,14086,16619,10871,47219,17119,20659,10456,24806,20032,56747,25518,10547,46034,9306,11650,6677,6913,1725,44773,12271,11932,13139,7555,9924,11987,3798,18294,23777,7817,14634,9052,7921,18849,22513,8325,8128,9542,4374,5500,7380,26137,5595,6142,34222,4504,17009,7852,11856,1725,19811,13774,42472,4621,6556,6622,19679,6113,8958,7556,5820,2793,6053,3625,9052,4480,14875,3399,6495,5477,3978
0,0,0,0,0,0,0,0,253322,105451,45549,52344,47885,64171,52688,54726,45998,28410,79068,105190,13275,41092,26649,13220,38581,101367,43131,24231,18678,1725,8517,40962,19492,20708,11928,11548,19076,15024,17707,12717,8332,9457,19856,7242,14337,93467,15049,21790,9925,19201,24896,9383,8037,11651,13784,17955,15792,24007,22096,3837,14985,6888,12085,6048,8780,10731,19295,19019,38033,19286,9963,4510,14063,60085,5624,13601,12269,12042,9809,3771,5164,15098,18422,13352,3799,5630,12889,7421,7139,11292,15321,4247,3816,4121,14578,8889,13368,4295,5031,6894
0,0,0,0,0,0,0,0,0,74286,102590,68398,104831,53209,48188,34380,168808,21504,44654,28421,20732,14901,17394,14665,11520,17569,14228,25348,17018,14287,19635,28934,66391,11241,16483,27863,15583,25464,32683,1725,11643,26197,13542,25530,82403,24185,18293,5880,25921,53176,11119,20968,6590,18044,27936,23284,13026,24964,11251,3549,10178,6663,7272,16699,9651,6612,6647,5473,24092,8735,11179,1725,11379,6811,11632,5734,6416,6126,37537,14958,37466,6980,4275,12785,16085,10396,4698,13409,21580,14636,47666,2644,14001,11463,5594,7144,3066,21979,10653,34070
0,0,0,0,0,0,0,0,0,0,208163,69083,32307,58614,94144,37899,39188,36646,52473,43089,31566,39818,61902,70602,22030,46846,75154,1725,1725,16940,37719,11321,30750,14547,10002,10826,16289,12198,14497,14651,13458,49795,8714,14829,19362,14649,14070,10148,43928,18971,7355,9942,4867,17464,14698,1725,64488,5242,19911,30116,18075,8312,14111,16907,5358,9660,37170,6843,4190,6661,12052,39630,10803,8751,14204,16436,4097,5203,13280,23826,37826,6041,2637,9538,12020,4653,11675,3166,4882,4059,7960,14100,24837,7231,7066,15177,27446,4485,5471,41675
0,0,0,0,0,0,0,0,0,0,0,35949,30002,48977,41226,26792,45622,51704,26663,114816,44535,144168,33598,47528,37292,23182,30211,16562,19923,17000,28764,18479,25674,8990,7546,28125,14702,35501,14107,11771,10887,48746,52664,7861,14433,45541,32229,9410,40231,16122,8086,5514,14191,20981,22495,42482,18028,10169,7181,9903,5147,7294,8045,15951,5566,5163,4342,6300,10596,5507,21317,5243,37624,13420,4872,5974,3965,39961,14663,5289,3658,9189,3289,12145,14942,14929,26532,7391,7326,5586,13488,3923,12728,5055,6255,4147,7494,11991,11242,3363
0,0,0,0,0,0,0,0,0,0,0,0,194480,36368,34675,190072,62483,25140,14796,28763,78858,12989,31937,17597,131300,43912,18481,54278,8786,37950,10484,26534,1725,16765,9389,33109,15921,15000,1725,34797,48263,29963,12784,50887,7173,12828,14120,48046,9957,12401,24128,19506,9495,59307,10959,22958,18233,17178,5964,9105,12768,16243,6071,8302,6442,19529,9597,9911,18449,9259,5974,8773,10583,7589,8828,44823,9438,3939,4165,7164,8005,2618,6359,9206,14242,7196,5778,13338,8086,4187,5961,6753,4932,3929,3669,4439,6045,4603,3201,1725
0,0,0,0,0,0,0,0,0,0,0,0,0,29872,167846,96684,36880,81651,36844,20284,41914,42453,114459,34161,29767,25485,29462,53948,34343,39583,50047,21978,23994,28744,27937,52480,51296,9761,56759,16187,16847,15367,15700,14453,26530,9603,17094,58857,7766,13871,43210,4298,15962,7091,1725,24934,16107,18563,16854,43017,16206,6834,7880,39556,10667,16258,10359,9829,24012,6736,49594,4360,8885,14029,34727,33889,6806,37226,5198,5616,11196,8406,15091,3250,9491,3361,7715,5473,16520,5327,12921,2043,4582,4334,10667,5825,5326,34681,1725,16857
0,0,0,0,0,0,0,0,0,0,0,0,0,0,126647,21094,38465,52434,46385,25723,35457,27138,37781,24951,39252,28432,13334,13519,32612,24176,23461,16147,14696,17278,30734,18903,12949,48501,12599,44907,20780,14092,11822,6867,16162,7987,6265,7737,10163,35064,21597,15946,59373,6781,5329,10884,15203,6610,18552,7478,12717,14200,43591,17350,4295,13892,6500,23282,5522,18048,1725,13380,10397,9512,6384,13006,33470,34017,6100,8217,5552,7366,9091,4347,15481,6272,4171,12725,5550,6533,8843,10123,2938,5010,9482,4399,12574,7063,5430,6842
0,0,0,0,0,0,0,0,0,0,0,0,0,0,0,34233,45569,16770,132438,14856,52261,26840,36806,13934,56758,29085,14491,22753,12066,17334,77429,19771,40182,20185,9202,26967,9087,12508,18818,13678,9931,10505,93059,15557,19356,33253,1725,7830,11386,8912,7164,56762,11739,16005,14397,22668,10036,7574,7091,14203,6262,8537,7466,4589,6756,14855,19422,18180,4543,8068,12480,7510,9292,17113,15276,3670,17611,5053,3988,10440,6448,10191,5814,4683,18699,13302,49530,5087,5599,4455,5203,5604,41736,2326,8564,8088,5631,20582,3758,14082
0,0,0,0,0,0,0,0,0,0,0,0,0,0,0,0,29581,43133,28551,37941,15256,16837,31535,10743,23962,19956,12706,19951,29943,53422,21838,13268,53908,27008,13063,16609,9883,15372,16499,25918,7085,8347,16690,8083,1725,15011,12471,15550,51653,10601,17360,11710,6939,38679,12422,7036,16685,9165,38400,61895,18220,18226,7200,14257,7472,15728,18397,16169,6446,14640,6987,16657,6675,18544,20042,9445,3965,15921,4198,6098,6428,5491,7477,3077,4522,9693,37302,4300,4269,4056,4786,7478,4899,4427,6913,3965,3849,5942,9193,7368
0,0,0,0,0,0,0,0,0,0,0,0,0,0,0,0,0,193116,45349,61743,38074,23674,47418,44405,15730,34715,18719,38574,45036,22248,32082,67835,26272,1725,23475,16725,14454,31375,24133,17326,90606,1725,9414,17422,15005,10886,17597,25938,16673,8401,5887,14475,7529,23273,15545,5411,8871,14530,7346,5019,49553,23178,7227,6929,4673,20009,6778,4140,2935,9576,9304,7967,5953,1725,4093,6801,11374,7861,21278,3882,6083,2778,16796,5585,49273,15145,6098,33841,4321,36756,2641,31586,11710,5882,6419,11362,4338,8240,4282,5092
0,0,0,0,0,0,0,0,0,0,0,0,0,0,0,0,0,0,36271,30746,29455,32229,37780,54181,63658,15877,24824,23313,106842,24752,21501,12989,9862,124437,55384,15207,17853,12024,11793,12410,13084,12846,13084,8828,4495,55475,19813,16262,25171,12877,12829,25137,6420,7776,7336,9778,7629,4203,16024,16630,44965,6910,5183,43180,6163,7471,6472,15739,13512,5151,17434,5015,6423,14249,4255,7516,14314,9238,9510,8836,6450,11684,5228,44418,8782,4136,2837,3799,12247,9200,5699,10813,4250,8537,6793,3332,12752,8503,10332,12892
0,0,0,0,0,0,0,0,0,0,0,0,0,0,0,0,0,0,0,16303,27914,43829,24909,75884,15507,54438,1725,101527,24764,54724,13494,23542,40873,58884,35940,11601,24886,9413,47838,21983,16713,11498,10412,12909,5771,23562,7639,24018,7806,15316,36494,19296,25678,1725,15428,7874,7759,6513,8359,22992,9226,10835,26612,10668,14299,38110,6035,9390,6635,5013,7561,4476,12563,3623,12733,6393,8858,6969,7104,8948,8579,9721,10427,10682,15354,5710,4236,5991,7623,6673,2753,4954,5751,33891,12514,45110,4760,6331,8119,8631
0,0,0,0,0,0,0,0,0,0,0,0,0,0,0,0,0,0,0,0,21002,22951,22067,56907,36419,37999,134151,28100,19731,18604,1725,49653,20673,24674,49445,24494,52918,29941,16101,12788,70769,24930,47072,92517,28289,15876,9407,16878,7917,14196,5680,5764,19069,47143,19196,9140,6200,15826,10760,6148,7343,14350,16112,56409,39151,24221,34320,15501,31385,10951,8640,15701,11073,11980,49243,4456,6408,6696,26901,3887,8625,6776,14503,18231,11551,1725,3736,8791,5742,14308,5148,9237,3587,7315,13655,16916,5796,29196,3484,4964
0,0,0,0,0,0,0,0,0,0,0,0,0,0,0,0,0,0,0,0,0,28920,102223,39025,50090,24302,11402,20358,14112,30593,22869,104139,24341,13386,14713,11228,30415,16780,37195,17143,8961,16226,13632,27140,77983,9041,11085,10317,23767,7372,7626,24685,56509,17182,7781,19094,6995,38510,5221,6888,9591,6853,6709,7225,23834,13516,12366,9864,8243,37760,37389,6182,4225,14305,6718,36227,9409,10637,5522,10149,4350,15394,5791,9140,4198,4542,5109,9681,4952,5914,12548,6168,4045,32201,5747,30613,9212,4600,8007,8678
0,0,0,0,0,0,0,0,0,0,0,0,0,0,0,0,0,0,0,0,0,0,15259,34931,12553,32784,22426,13950,17795,17449,11939,54897,11589,15774,22362,99465,26722,92867,14284,52193,14335,10829,17176,24352,7863,12724,16010,8664,17855,25203,30056,18306,14611,13492,7359,7895,6364,16162,13663,14213,9745,5771,11503,23823,23307,14863,12120,18054,17391,14612,7040,5674,5234,4025,4805,14768,3162,14747,7585,8643,4384,17199,6809,21703,18049,13648,11202,15368,4045,5869,38745,5174,11074,13530,4063,7886,5882,3827,12402,11048
0,0,0,0,0,0,0,0,0,0,0,0,0,0,0,0,0,0,0,0,0,0,0,15192,15391,28113,14695,20911,56980,26177,9249,1725,16333,25237,28292,12694,22855,25979,28320,14518,25341,19480,18780,26834,25047,19436,5771,49135,15929,4760,11372,15188,23997,23729,6881,7720,5756,7928,9296,6002,9949,17995,58681,9183,13434,18500,12713,9005,13981,37604,18157,5685,4214,9823,5357,4212,9607,7429,6532,11567,16911,3388,37660,5028,4432,14014,5353,4655,9353,9929,4496,3502,29650,25874,7426,4159,11468,13249,18083,3880
0,0,0,0,0,0,0,0,0,0,0,0,0,0,0,0,0,0,0,0,0,0,0,0,19323,24235,31357,38732,16729,99990,100101,18078,40561,29415,20112,23839,6882,20607,10812,9696,11557,24771,10227,1725,16153,11415,13292,17130,7242,13693,1725,10976,24857,14643,5841,7720,11529,3952,15318,11767,17391,10847,15250,5782,1725,5759,7343,7702,4782,3851,11984,17980,32683,11370,12690,11221,8489,5286,21174,13535,10863,11336,6252,12859,13527,16008,6308,18776,37907,17045,5631,5710,8650,2107,9207,2903,4296,14980,3352,5072
0,0,0,0,0,0,0,0,0,0,0,0,0,0,0,0,0,0,0,0,0,0,0,0,0,78910,40202,13094,54128,24383,38798,30716,30886,14160,25590,1725,50699,15078,15666,17265,16030,16068,24861,8255,14103,18484,13343,24183,14515,14326,7861,15112,7779,4954,10674,45768,6681,13641,12605,23084,6568,9421,15232,7700,14021,37169,13523,6563,6888,12514,9809,7177,29565,10519,5791,7364,15315,6533,6360,9187,4427,9263,7896,33201,6708,3938,6556,5337,3072,6745,36735,5394,4763,5630,10792,36863,12139,4928,15640,10605
0,0,0,0,0,0,0,0,0,0,0,0,0,0,0,0,0,0,0,0,0,0,0,0,0,0,26312,52303,12373,46322,36676,24314,13039,48397,23750,15332,98475,15859,9904,8387,16662,19706,26004,9642,6116,8325,15889,90271,13506,7106,47676,18505,12835,7714,11727,20005,15657,47302,24279,14000,9411,21766,6981,10061,10658,6383,4643,10521,14407,30139,4201,6246,12675,8825,3524,10150,17700,33187,8480,5109,15276,6470,5347,14298,5937,9143,18010,10859,4577,3861,16260,46668,2802,4982,6172,2773,10046,4057,4652,15222
0,0,0,0,0,0,0,0,0,0,0,0,0,0,0,0,0,0,0,0,0,0,0,0,0,0,0,58532,27083,20383,9886,54632,12770,10576,29396,12889,10014,10634,9143,24386,14370,29740,1725,11328,7523,12039,8743,11440,8371,26219,17497,13390,25018,13042,5642,10383,6777,5961,5510,26966,4928,23350,12735,10733,36840,43620,36382,6781,9226,4300,5743,12284,7197,37404,8489,5650,4397,9685,26052,6889,7921,2526,9456,5544,9054,8334,29504,14508,7166,5849,4460,4675,9115,7708,2675,5692,5577,3499,3875,5585
0,0,0,0,0,0,0,0,0,0,0,0,0,0,0,0,0,0,0,0,0,0,0,0,0,0,0,0,67102,58538,26494,25773,47295,26705,82828,49661,33756,20037,8624,17442,15278,15447,6704,13720,15551,15454,12085,7226,7345,15396,18292,1725,16785,54270,13724,7198,37231,18310,5743,4732,15944,14545,7707,6684,49127,3571,6205,11651,14623,31682,7174,8480,6487,9160,30512,6204,6255,17313,5021,10494,9056,6768,10056,5362,3043,8698,8738,5536,9566,3683,8138,3204,8718,8211,5963,6121,9555,4661,3395,4283
0,0,0,0,0,0,0,0,0,0,0,0,0,0,0,0,0,0,0,0,0,0,0,0,0,0,0,0,0,38228,50959,11885,13180,10985,14048,10166,16576,52688,46372,12041,14964,5814,5814,46458,14274,51529,17542,4979,33839,57496,10809,40303,14235,5770,9409,15361,1725,1725,9006,6582,11609,8383,17234,9402,18482,5173,6508,10686,4894,4306,7612,50298,6265,6262,20040,10731,18310,7047,16285,7221,47255,5550,1725,6038,1725,3635,4952,3186,4408,4327,6786,5497,7448,9863,4664,2959,37521,3439,2298,4080
0,0,0,0,0,0,0,0,0,0,0,0,0,0,0,0,0,0,0,0,0,0,0,0,0,0,0,0,0,0,25393,31691,15872,22687,88592,8238,27497,16519,8963,25743,26087,14626,11352,30105,4128,39814,39053,15260,10343,20800,8721,6952,15932,12450,7384,58239,6391,13722,18642,18744,18662,7275,16650,8771,17336,4721,9690,46985,5329,10144,6077,39876,7267,6868,42530,5507,5598,1725,9604,9377,5485,16593,3367,8633,40412,9605,17482,7785,9129,6104,6394,11962,5593,21752,12827,14102,30768,17671,30991,4359
0,0,0,0,0,0,0,0,0,0,0,0,0,0,0,0,0,0,0,0,0,0,0,0,0,0,0,0,0,0,0,16784,15282,52418,5797,19925,20064,20888,15748,19873,14860,9779,56934,11396,24860,8087,15459,7233,4158,9618,14775,44701,39033,24607,11653,4899,5771,24129,13061,8965,38296,5543,11010,5449,10588,5423,7582,51672,7695,5153,3931,24087,9773,5885,3931,5451,16311,5026,15329,10076,8161,9203,37982,37314,17601,5434,11293,14534,2588,13541,3293,18109,13426,5466,4454,12710,8971,4464,4309,4456
0,0,0,0,0,0,0,0,0,0,0,0,0,0,0,0,0,0,0,0,0,0,0,0,0,0,0,0,0,0,0,0,14116,18848,16254,17639,58935,10639,33964,8116,21170,92171,14734,12872,46743,13365,13648,14651,21549,17099,7980,11067,18850,18192,21711,21913,41048,8576,24069,3489,18512,45093,7697,5448,7818,7184,13322,29124,3931,38182,12304,10175,9408,5191,20264,7914,9976,9160,4649,5526,15595,6500,11886,3608,7684,2525,3593,4694,7712,1725,4556,6531,10053,11269,6970,3062,7519,3681,13342,3344
0,0,0,0,0,0,0,0,0,0,0,0,0,0,0,0,0,0,0,0,0,0,0,0,0,0,0,0,0,0,0,0,0,25258,11444,57811,22363,15685,25222,10065,25453,12947,6903,9734,7945,11670,8704,12502,16285,7466,15041,8591,7739,11232,46465,39056,5199,7977,17464,15109,7197,4544,9792,15095,42319,40353,10326,7434,5780,7571,7528,15663,6495,16963,8522,8767,5348,13087,6525,4429,4352,9547,5584,2832,6190,15427,12821,6312,8451,12198,1725,37053,5387,3915,13420,13916,3877,12782,1096,7393
0,0,0,0,0,0,0,0,0,0,0,0,0,0,0,0,0,0,0,0,0,0,0,0,0,0,0,0,0,0,0,0,0,0,19503,10376,10669,32001,19898,25663,49962,15289,5797,10901,24809,10980,14170,24925,9595,16272,21559,13693,1725,9832,22096,7026,12366,16695,6121,4760,7120,17206,36138,33864,9239,1725,4544,17176,3567,11607,5624,3497,23802,14747,18151,16024,5784,14585,4406,15081,6700,12097,5824,14985,25821,6157,11929,3914,3924,7015,3923,2998,2886,9586,8002,3880,1725,13274,46054,4736
0,0,0,0,0,0,0,0,0,0,0,0,0,0,0,0,0,0,0,0,0,0,0,0,0,0,0,0,0,0,0,0,0,0,0,19988,8444,10103,16023,15875,10948,37838,32681,23419,22503,12771,13638,21485,5797,57005,19079,9656,16300,9837,9885,18242,15214,5187,38984,37571,9513,1725,14547,11160,21740,16856,17545,10049,40751,12436,20873,6968,13245,16764,5745,5010,10040,1086,4463,5502,5143,5650,9839,12719,41280,15747,8816,4708,6260,13412,2518,8631,3823,8283,3780,19098,2866,10621,3003,3432
0,0,0,0,0,0,0,0,0,0,0,0,0,0,0,0,0,0,0,0,0,0,0,0,0,0,0,0,0,0,0,0,0,0,0,0,11939,26271,12368,9791,1725,24121,16043,15559,16494,16256,24784,6234,18053,5673,25335,40388,14557,17485,9964,50220,8308,5033,13979,6543,13936,10169,7038,10703,5393,14775,13649,6716,9117,8506,8032,6877,10219,5411,9662,5502,16767,3846,4484,1725,6442,12897,5485,2498,4973,18049,2997,4508,10189,11496,14468,11919,9291,6167,23593,13275,4147,5795,3908,5368
0,0,0,0,0,0,0,0,0,0,0,0,0,0,0,0,0,0,0,0,0,0,0,0,0,0,0,0,0,0,0,0,0,0,0,0,0,9881,9784,12603,28927,21414,22292,19685,15913,6839,47581,25245,20110,15542,15986,7207,20224,7356,24061,9272,29406,6612,10741,51132,18361,19161,14814,4781,7367,6345,17368,5367,6837,10198,13087,8947,18681,6438,5929,11847,10665,6179,15112,6454,4295,3489,7545,4305,4033,14068,1976,5021,8205,13177,3870,9343,35259,11783,4269,16316,7720,14697,811,2923
0,0,0,0,0,0,0,0,0,0,0,0,0,0,0,0,0,0,0,0,0,0,0,0,0,0,0,0,0,0,0,0,0,0,0,0,0,0,11403,15679,19931,14050,25277,31563,11488,12408,9472,17350,5712,18831,12074,5269,9861,11866,11586,9941,10903,6009,14869,18110,7174,31242,9409,10667,7766,10603,10603,12585,6064,19302,9447,9811,5011,4117,10890,15857,9701,6553,5776,9355,6956,21025,5085,4658,5795,3330,6951,12558,4661,6923,5021,4912,6276,6283,33549,5957,3775,40011,5705,3372
0,0,0,0,0,0,0,0,0,0,0,0,0,0,0,0,0,0,0,0,0,0,0,0,0,0,0,0,0,0,0,0,0,0,0,0,0,0,0,27364,20186,11114,24895,9446,11313,17454,21647,20403,19626,13792,15469,10525,38366,10766,18975,9736,11355,7533,7730,7742,23664,5173,10293,10432,9203,12600,13739,32371,18511,6629,9091,3946,4653,22451,4995,2566,37533,10284,27145,7329,8493,47579,10891,6215,4082,5581,9870,12539,28490,9039,9199,8536,3914,5725,4473,6301,4072,2721,6237,2554
0,0,0,0,0,0,0,0,0,0,0,0,0,0,0,0,0,0,0,0,0,0,0,0,0,0,0,0,0,0,0,0,0,0,0,0,0,0,0,0,12983,15969,15485,18835,12102,10496,11219,44406,65579,46300,21381,12556,6897,37132,26062,13549,24299,37776,19980,24665,9545,7362,9356,9923,6018,38215,29376,5210,9341,6405,6864,14785,14350,33745,17979,6442,35271,12623,8701,55833,4570,6423,40973,28757,11236,10770,6011,1725,9058,17180,9652,5619,3318,8089,28286,7299,3985,6875,3686,12321
0,0,0,0,0,0,0,0,0,0,0,0,0,0,0,0,0,0,0,0,0,0,0,0,0,0,0,0,0,0,0,0,0,0,0,0,0,0,0,0,0,21481,14262,47314,19987,11274,10982,34773,1725,15722,13700,23843,10887,18118,7870,5686,7610,15325,38314,10750,15885,59547,10004,4430,16533,6117,10758,13381,10976,6943,6409,3564,1725,3409,18003,4970,5436,4552,9071,13370,6535,6210,7504,5579,6412,3095,3292,14570,2113,7191,10666,7413,20469,3202,3384,3198,3876,3561,9799,7643
0,0,0,0,0,0,0,0,0,0,0,0,0,0,0,0,0,0,0,0,0,0,0,0,0,0,0,0,0,0,0,0,0,0,0,0,0,0,0,0,0,0,25349,19129,15554,13822,22029,7408,16917,14015,4140,5218,11732,6514,62862,30427,7318,7401,3778,13235,7802,23316,10952,26437,8372,23832,16497,36607,4191,12031,11233,44511,3821,50521,7507,8348,14260,11168,3941,9760,11329,16377,4093,13378,8088,12988,14653,15368,3265,6993,7030,1725,11110,7107,2263,6524,8359,3230,4420,5265
0,0,0,0,0,0,0,0,0,0,0,0,0,0,0,0,0,0,0,0,0,0,0,0,0,0,0,0,0,0,0,0,0,0,0,0,0,0,0,0,0,0,0,11600,8151,25406,59402,15956,7957,7006,9539,6571,18974,38661,18272,8687,4227,12625,11305,10961,4815,9367,10229,54885,5905,3517,4118,8032,6469,9675,10619,18410,44991,9482,6495,39903,36015,13791,7181,14215,15128,37574,18041,12879,10953,14102,5961,15127,2552,12007,6074,8018,9415,7852,9528,13595,11729,12642,11218,5406
0,0,0,0,0,0,0,0,0,0,0,0,0,0,0,0,0,0,0,0,0,0,0,0,0,0,0,0,0,0,0,0,0,0,0,0,0,0,0,0,0,0,0,0,23554,23528,26962,5797,12316,7835,19236,4630,43004,11584,6715,13035,5163,7691,50624,7325,37971,11838,7770,6980,4737,5027,34545,3963,9318,13551,3462,14713,5948,4439,13647,6284,17136,7063,24056,6002,8030,3170,4894,7491,5235,12566,4147,4145,5827,32719,6191,4866,4034,13304,7110,6995,858,5464,5941,4207
0,0,0,0,0,0,0,0,0,0,0,0,0,0,0,0,0,0,0,0,0,0,0,0,0,0,0,0,0,0,0,0,0,0,0,0,0,0,0,0,0,0,0,0,0,8656,14722,8089,46202,14085,10429,5552,10690,9251,11072,11415,18664,14778,37685,6668,40801,9903,5421,13793,10710,7580,13504,9399,4223,16532,39117,8818,6886,12654,8484,10521,34623,9483,4531,6517,13582,4762,1968,4656,7918,9839,13190,5947,5057,10223,10507,9922,3278,4603,4312,4194,13397,3295,9498,7012
0,0,0,0,0,0,0,0,0,0,0,0,0,0,0,0,0,0,0,0,0,0,0,0,0,0,0,0,0,0,0,0,0,0,0,0,0,0,0,0,0,0,0,0,0,0,21708,19119,23779,32056,89299,24369,15173,9826,7857,5917,21882,11313,9535,6933,18873,9922,10642,18781,3494,5684,15426,19204,34175,4638,17062,14740,5150,5839,1725,14448,4417,31044,10531,8240,7394,8985,10736,33785,3884,4592,14435,12187,35695,10176,3756,6892,15137,6298,8721,6048,3184,6876,4443,5017
0,0,0,0,0,0,0,0,0,0,0,0,0,0,0,0,0,0,0,0,0,0,0,0,0,0,0,0,0,0,0,0,0,0,0,0,0,0,0,0,0,0,0,0,0,0,0,9886,11650,1725,6753,13764,13381,10108,52536,8170,18884,7366,11375,15519,9825,14115,22516,6948,6691,15272,11387,4412,13745,43803,3718,5450,15740,13075,40771,10386,6577,16608,11799,15766,5602,8399,49633,6298,37933,5360,6445,4493,6311,5397,4287,15167,5743,5461,6135,8695,5577,7147,5336,7061
0,0,0,0,0,0,0,0,0,0,0,0,0,0,0,0,0,0,0,0,0,0,0,0,0,0,0,0,0,0,0,0,0,0,0,0,0,0,0,0,0,0,0,0,0,0,0,0,24583,39958,10852,6228,10776,6754,9345,10059,10776,7466,52578,4925,33812,15161,7630,5356,17559,5843,6330,3941,9958,10507,13361,6546,15079,5723,14444,5233,7839,9582,17086,11465,15227,6756,6388,3320,4462,6397,7702,47716,5044,7058,9533,8234,6039,3670,15320,8520,2848,5626,11648,4379
0,0,0,0,0,0,0,0,0,0,0,0,0,0,0,0,0,0,0,0,0,0,0,0,0,0,0,0,0,0,0,0,0,0,0,0,0,0,0,0,0,0,0,0,0,0,0,0,0,14994,19064,63387,9801,8072,45344,10834,16072,6938,11120,21909,7021,38285,14439,6951,14538,9327,8277,5954,18134,6407,14640,12133,5989,10675,10844,51117,41694,6898,6335,19116,6343,4053,5731,9177,3081,6441,7479,4010,15823,2444,12008,13680,3170,10414,7963,8031,3865,6898,4559,4092
0,0,0,0,0,0,0,0,0,0,0,0,0,0,0,0,0,0,0,0,0,0,0,0,0,0,0,0,0,0,0,0,0,0,0,0,0,0,0,0,0,0,0,0,0,0,0,0,0,0,12443,4391,13972,20387,7256,8131,9445,11103,8413,13176,6454,8015,5241,4689,4522,7298,6244,1725,9274,9311,6495,4231,4152,11428,4616,11656,11565,5361,13024,14782,5158,5455,5138,3887,6373,9415,4081,10935,4047,5269,4141,2888,3560,3902,2416,24482,14773,5070,6726,20750
0,0,0,0,0,0,0,0,0,0,0,0,0,0,0,0,0,0,0,0,0,0,0,0,0,0,0,0,0,0,0,0,0,0,0,0,0,0,0,0,0,0,0,0,0,0,0,0,0,0,0,19278,17120,8002,5471,27390,52580,10968,7213,7529,1725,6488,9773,24022,20163,3672,7061,39118,1725,9318,15907,7660,6535,4126,7354,5294,5837,9053,48646,3721,6305,18155,5330,3029,5333,8887,8618,3262,7259,5227,9210,28241,7315,15600,12514,3827,14529,4818,16807,43053
0,0,0,0,0,0,0,0,0,0,0,0,0,0,0,0,0,0,0,0,0,0,0,0,0,0,0,0,0,0,0,0,0,0,0,0,0,0,0,0,0,0,0,0,0,0,0,0,0,0,0,0,15981,14381,8659,7473,13545,10852,1725,14739,5881,10962,4725,18366,4616,18071,49857,5476,10889,19588,9990,9576,10702,13478,8366,6226,5218,3426,7491,32723,6674,3527,12770,4973,11034,5661,4673,5525,3591,24054,2943,3931,15715,2027,4310,19049,4582,6073,3089,11523
0,0,0,0,0,0,0,0,0,0,0,0,0,0,0,0,0,0,0,0,0,0,0,0,0,0,0,0,0,0,0,0,0,0,0,0,0,0,0,0,0,0,0,0,0,0,0,0,0,0,0,0,0,15955,9463,16142,10387,67797,6143,24418,13841,9950,12761,13434,10306,15854,1725,4205,7516,7381,4994,16601,6303,9354,9450,9578,16694,6925,8927,6646,20329,4147,17956,5030,34361,4015,10322,6486,13672,10073,5555,9551,10757,11218,6224,9897,5724,5680,3155,6186
0,0,0,0,0,0,0,0,0,0,0,0,0,0,0,0,0,0,0,0,0,0,0,0,0,0,0,0,0,0,0,0,0,0,0,0,0,0,0,0,0,0,0,0,0,0,0,0,0,0,0,0,0,0,18262,15177,13253,21239,15091,9117,33010,9305,11099,16332,10689,51445,5476,10040,9825,18660,13108,15522,5494,5602,7192,4191,9298,9434,2885,37608,17927,6520,9593,3854,6051,3714,15315,5261,4528,6353,14319,15104,13800,980,5319,5589,3745,14992,4147,3500
0,0,0,0,0,0,0,0,0,0,0,0,0,0,0,0,0,0,0,0,0,0,0,0,0,0,0,0,0,0,0,0,0,0,0,0,0,0,0,0,0,0,0,0,0,0,0,0,0,0,0,0,0,0,0,14336,7321,49934,5662,12542,10609,13379,40001,15677,4093,5999,23998,16598,32849,3380,4374,5478,21361,3582,14789,9023,6700,15298,14142,12017,6370,6094,13921,31243,10464,9054,15910,5692,5145,36979,3453,5732,36753,4903,3808,4098,3729,11424,5693,5757
0,0,0,0,0,0,0,0,0,0,0,0,0,0,0,0,0,0,0,0,0,0,0,0,0,0,0,0,0,0,0,0,0,0,0,0,0,0,0,0,0,0,0,0,0,0,0,0,0,0,0,0,0,0,0,0,23354,41677,4002,38405,16338,14035,7354,6550,18334,4846,13660,7338,4152,5908,10209,13288,7228,3984,7183,7504,8554,17818,11703,8700,11238,6789,9687,6345,14441,8033,40003,14819,14270,11485,12841,6568,7655,8716,12719,6864,6262,10202,11215,23571
0,0,0,0,0,0,0,0,0,0,0,0,0,0,0,0,0,0,0,0,0,0,0,0,0,0,0,0,0,0,0,0,0,0,0,0,0,0,0,0,0,0,0,0,0,0,0,0,0,0,0,0,0,0,0,0,0,21487,18455,7391,13091,6885,59379,25424,10151,6493,10804,17409,15850,16873,6337,6874,6750,9357,13323,4222,1725,14659,34637,3415,6964,1976,13658,13199,3849,5418,6278,5227,1725,4912,12886,15615,10408,18198,11117,7710,33807,7329,3922,4526
0,0,0,0,0,0,0,0,0,0,0,0,0,0,0,0,0,0,0,0,0,0,0,0,0,0,0,0,0,0,0,0,0,0,0,0,0,0,0,0,0,0,0,0,0,0,0,0,0,0,0,0,0,0,0,0,0,0,7681,6110,6846,15522,14534,1725,9734,9905,10367,5514,49523,5559,5059,8884,19715,4637,8496,11958,4266,9298,6474,13445,7021,12042,15376,15236,9992,9737,7240,6449,5042,12628,17155,4014,25787,7190,9746,5094,6273,6069,5206,10180
0,0,0,0,0,0,0,0,0,0,0,0,0,0,0,0,0,0,0,0,0,0,0,0,0,0,0,0,0,0,0,0,0,0,0,0,0,0,0,0,0,0,0,0,0,0,0,0,0,0,0,0,0,0,0,0,0,0,0,4798,9106,9056,9808,5914,5555,11753,18157,16427,5051,9489,5326,6746,17460,3090,3308,8786,13244,5156,6775,9738,7146,4247,16360,8926,5103,6542,6170,47702,4261,8246,6144,6082,4181,16563,7033,11143,3340,3475,12076,7323
0,0,0,0,0,0,0,0,0,0,0,0,0,0,0,0,0,0,0,0,0,0,0,0,0,0,0,0,0,0,0,0,0,0,0,0,0,0,0,0,0,0,0,0,0,0,0,0,0,0,0,0,0,0,0,0,0,0,0,0,11773,37311,5747,9118,28591,4771,39574,10952,14694,39428,11776,4185,41438,4468,3926,4180,18007,12082,11862,5522,6426,13949,41530,15762,6508,4597,3381,31803,9078,3347,6054,4088,7353,5997,2451,5492,3258,8264,6713,11619
0,0,0,0,0,0,0,0,0,0,0,0,0,0,0,0,0,0,0,0,0,0,0,0,0,0,0,0,0,0,0,0,0,0,0,0,0,0,0,0,0,0,0,0,0,0,0,0,0,0,0,0,0,0,0,0,0,0,0,0,0,6409,18125,4405,17928,9237,6262,8521,7754,9438,23283,4996,11190,6988,11928,8041,10465,10978,3479,6161,8756,3563,4397,3197,6753,6878,8060,9086,14360,14707,10630,3635,6155,7656,12802,7452,3575,4466,10261,4452
0,0,0,0,0,0,0,0,0,0,0,0,0,0,0,0,0,0,0,0,0,0,0,0,0,0,0,0,0,0,0,0,0,0,0,0,0,0,0,0,0,0,0,0,0,0,0,0,0,0,0,0,0,0,0,0,0,0,0,0,0,0,7068,12664,7694,7805,8171,52104,13671,15347,4463,9475,7465,41586,5422,8937,3629,2917,5052,11051,9829,12353,4368,4926,2794,8985,11390,5436,4940,17585,13517,8971,11322,10364,10845,4463,14801,7561,12535,13040
0,0,0,0,0,0,0,0,0,0,0,0,0,0,0,0,0,0,0,0,0,0,0,0,0,0,0,0,0,0,0,0,0,0,0,0,0,0,0,0,0,0,0,0,0,0,0,0,0,0,0,0,0,0,0,0,0,0,0,0,0,0,0,5473,15151,10942,7174,6602,10434,13938,9738,7715,16463,5313,10458,38369,16659,4013,10840,6347,4860,7847,3715,10084,3800,24152,3760,5587,10836,33405,4896,8545,3887,4059,4434,2553,4508,5554,3134,14317
0,0,0,0,0,0,0,0,0,0,0,0,0,0,0,0,0,0,0,0,0,0,0,0,0,0,0,0,0,0,0,0,0,0,0,0,0,0,0,0,0,0,0,0,0,0,0,0,0,0,0,0,0,0,0,0,0,0,0,0,0,0,0,0,7044,12647,8787,5397,10614,10084,5335,51225,14344,9408,6504,7781,12705,18285,8337,6720,34646,11531,6897,2443,4681,13550,7140,8197,6433,6634,2920,5293,5565,11582,5716,10620,9128,12519,2458,12356
0,0,0,0,0,0,0,0,0,0,0,0,0,0,0,0,0,0,0,0,0,0,0,0,0,0,0,0,0,0,0,0,0,0,0,0,0,0,0,0,0,0,0,0,0,0,0,0,0,0,0,0,0,0,0,0,0,0,0,0,0,0,0,0,0,11305,16359,3384,10574,6485,4350,8847,8547,3936,5727,7934,2981,41666,16390,39882,15921,13121,31675,7240,6450,5137,4951,10951,12127,9909,26646,13144,5910,4908,2414,3627,3829,32549,5064,7755
0,0,0,0,0,0,0,0,0,0,0,0,0,0,0,0,0,0,0,0,0,0,0,0,0,0,0,0,0,0,0,0,0,0,0,0,0,0,0,0,0,0,0,0,0,0,0,0,0,0,0,0,0,0,0,0,0,0,0,0,0,0,0,0,0,0,6343,18443,6654,3646,39830,9772,6356,6598,4684,4303,8790,3076,6192,45370,15568,28579,5060,13303,14058,4063,41568,10328,11718,37577,6834,5382,5160,5714,10157,15892,4921,11799,11829,10355
0,0,0,0,0,0,0,0,0,0,0,0,0,0,0,0,0,0,0,0,0,0,0,0,0,0,0,0,0,0,0,0,0,0,0,0,0,0,0,0,0,0,0,0,0,0,0,0,0,0,0,0,0,0,0,0,0,0,0,0,0,0,0,0,0,0,0,6578,11535,18647,4171,29744,2713,13907,10127,5082,5495,8172,5521,13434,12198,11241,15893,7068,4431,7999,6560,3664,12642,9007,14908,4117,10805,4501,6214,9436,16709,10804,6474,7953
0,0,0,0,0,0,0,0,0,0,0,0,0,0,0,0,0,0,0,0,0,0,0,0,0,0,0,0,0,0,0,0,0,0,0,0,0,0,0,0,0,0,0,0,0,0,0,0,0,0,0,0,0,0,0,0,0,0,0,0,0,0,0,0,0,0,0,0,14713,1725,5970,5353,15331,6815,12934,3579,10941,4316,11420,3952,9445,5848,6612,9343,3082,5905,8386,6516,13201,7420,4104,8698,4813,15345,14557,4809,2947,3159,10474,8191
0,0,0,0,0,0,0,0,0,0,0,0,0,0,0,0,0,0,0,0,0,0,0,0,0,0,0,0,0,0,0,0,0,0,0,0,0,0,0,0,0,0,0,0,0,0,0,0,0,0,0,0,0,0,0,0,0,0,0,0,0,0,0,0,0,0,0,0,0,12699,14913,8050,5538,7122,5460,35836,5980,12068,6622,7918,5925,19152,4486,4607,3889,34061,4844,5096,5880,9773,7210,4833,11520,16112,18965,10011,5886,4532,12383,13053
0,0,0,0,0,0,0,0,0,0,0,0,0,0,0,0,0,0,0,0,0,0,0,0,0,0,0,0,0,0,0,0,0,0,0,0,0,0,0,0,0,0,0,0,0,0,0,0,0,0,0,0,0,0,0,0,0,0,0,0,0,0,0,0,0,0,0,0,0,0,18131,6328,7743,4712,8766,17849,7726,7644,5091,9834,10854,4377,7192,18778,9085,44195,6888,4056,3009,8080,4551,3096,14867,10634,3537,1972,5242,4588,7016,4705
0,0,0,0,0,0,0,0,0,0,0,0,0,0,0,0,0,0,0,0,0,0,0,0,0,0,0,0,0,0,0,0,0,0,0,0,0,0,0,0,0,0,0,0,0,0,0,0,0,0,0,0,0,0,0,0,0,0,0,0,0,0,0,0,0,0,0,0,0,0,0,9053,17566,8463,15851,14293,11707,33460,6406,17263,1725,12144,12341,6779,11370,9469,5304,4311,14914,3684,7004,7522,2234,7699,3706,4648,4840,9476,8240,31986
0,0,0,0,0,0,0,0,0,0,0,0,0,0,0,0,0,0,0,0,0,0,0,0,0,0,0,0,0,0,0,0,0,0,0,0,0,0,0,0,0,0,0,0,0,0,0,0,0,0,0,0,0,0,0,0,0,0,0,0,0,0,0,0,0,0,0,0,0,0,0,0,8829,5306,3884,13205,8506,3843,7899,29047,11474,4443,2631,3794,33443,5000,1725,9270,10918,2002,13785,6482,3458,5746,7710,6176,8339,5890,34917,4337
0,0,0,0,0,0,0,0,0,0,0,0,0,0,0,0,0,0,0,0,0,0,0,0,0,0,0,0,0,0,0,0,0,0,0,0,0,0,0,0,0,0,0,0,0,0,0,0,0,0,0,0,0,0,0,0,0,0,0,0,0,0,0,0,0,0,0,0,0,0,0,0,0,12949,9245,16941,7431,9753,13694,4197,16431,14507,34969,2584,3868,31886,4611,6447,7432,6857,10952,8485,6049,6823,5588,8946,4501,4877,31313,10555
0,0,0,0,0,0,0,0,0,0,0,0,0,0,0,0,0,0,0,0,0,0,0,0,0,0,0,0,0,0,0,0,0,0,0,0,0,0,0,0,0,0,0,0,0,0,0,0,0,0,0,0,0,0,0,0,0,0,0,0,0,0,0,0,0,0,0,0,0,0,0,0,0,0,37812,12884,11762,6947,4118,5774,32120,38576,6690,3809,17734,7406,11764,4679,27040,7056,35599,16082,12504,4675,9369,6165,3872,3478,4293,4338
0,0,0,0,0,0,0,0,0,0,0,0,0,0,0,0,0,0,0,0,0,0,0,0,0,0,0,0,0,0,0,0,0,0,0,0,0,0,0,0,0,0,0,0,0,0,0,0,0,0,0,0,0,0,0,0,0,0,0,0,0,0,0,0,0,0,0,0,0,0,0,0,0,0,0,4370,4891,3668,5306,4762,5912,14846,7168,5811,7136,10696,7062,9439,10603,16639,3081,6194,6266,8807,13921,9011,6827,15689,6584,5032
0,0,0,0,0,0,0,0,0,0,0,0,0,0,0,0,0,0,0,0,0,0,0,0,0,0,0,0,0,0,0,0,0,0,0,0,0,0,0,0,0,0,0,0,0,0,0,0,0,0,0,0,0,0,0,0,0,0,0,0,0,0,0,0,0,0,0,0,0,0,0,0,0,0,0,0,11244,12555,51591,4331,25638,11281,3487,5978,9891,2383,4639,12131,4839,6806,34379,4708,4644,49707,10015,6010,8481,6478,4019,7053
0,0,0,0,0,0,0,0,0,0,0,0,0,0,0,0,0,0,0,0,0,0,0,0,0,0,0,0,0,0,0,0,0,0,0,0,0,0,0,0,0,0,0,0,0,0,0,0,0,0,0,0,0,0,0,0,0,0,0,0,0,0,0,0,0,0,0,0,0,0,0,0,0,0,0,0,0,11449,9502,4939,10645,8632,3424,1725,10543,9686,4483,4258,2735,4315,4025,11070,6531,14658,5454,5096,48428,7908,3941,3251
0,0,0,0,0,0,0,0,0,0,0,0,0,0,0,0,0,0,0,0,0,0,0,0,0,0,0,0,0,0,0,0,0,0,0,0,0,0,0,0,0,0,0,0,0,0,0,0,0,0,0,0,0,0,0,0,0,0,0,0,0,0,0,0,0,0,0,0,0,0,0,0,0,0,0,0,0,0,3570,5611,6512,12710,4678,14144,7806,6625,3219,34409,14277,5460,3882,6047,10023,31732,31180,4265,2821,34881,37731,4312
0,0,0,0,0,0,0,0,0,0,0,0,0,0,0,0,0,0,0,0,0,0,0,0,0,0,0,0,0,0,0,0,0,0,0,0,0,0,0,0,0,0,0,0,0,0,0,0,0,0,0,0,0,0,0,0,0,0,0,0,0,0,0,0,0,0,0,0,0,0,0,0,0,0,0,0,0,0,0,5441,5931,4156,3816,39823,5084,45970,3583,33754,31087,5471,4694,2735,45820,3495,6025,4180,8661,5677,5013,4849
0,0,0,0,0,0,0,0,0,0,0,0,0,0,0,0,0,0,0,0,0,0,0,0,0,0,0,0,0,0,0,0,0,0,0,0,0,0,0,0,0,0,0,0,0,0,0,0,0,0,0,0,0,0,0,0,0,0,0,0,0,0,0,0,0,0,0,0,0,0,0,0,0,0,0,0,0,0,0,0,5830,9838,14738,11888,8596,11530,7349,8547,50020,6769,6147,15795,6943,3573,17814,3412,3252,5836,14242,34321
0,0,0,0,0,0,0,0,0,0,0,0,0,0,0,0,0,0,0,0,0,0,0,0,0,0,0,0,0,0,0,0,0,0,0,0,0,0,0,0,0,0,0,0,0,0,0,0,0,0,0,0,0,0,0,0,0,0,0,0,0,0,0,0,0,0,0,0,0,0,0,0,0,0,0,0,0,0,0,0,0,4558,4540,11389,14464,6414,9288,8644,10901,3448,2791,6038,7139,6848,2267,4538,2536,3562,5320,7667
0,0,0,0,0,0,0,0,0,0,0,0,0,0,0,0,0,0,0,0,0,0,0,0,0,0,0,0,0,0,0,0,0,0,0,0,0,0,0,0,0,0,0,0,0,0,0,0,0,0,0,0,0,0,0,0,0,0,0,0,0,0,0,0,0,0,0,0,0,0,0,0,0,0,0,0,0,0,0,0,0,0,17025,9663,5529,8539,37910,7169,8518,3759,3219,28790,8206,9970,3387,38434,13884,5761,2937,2722
0,0,0,0,0,0,0,0,0,0,0,0,0,0,0,0,0,0,0,0,0,0,0,0,0,0,0,0,0,0,0,0,0,0,0,0,0,0,0,0,0,0,0,0,0,0,0,0,0,0,0,0,0,0,0,0,0,0,0,0,0,0,0,0,0,0,0,0,0,0,0,0,0,0,0,0,0,0,0,0,0,0,0,16063,3639,2916,3812,4576,48658,15969,2808,13137,1725,3660,32849,16077,51353,6019,31599,8292
0,0,0,0,0,0,0,0,0,0,0,0,0,0,0,0,0,0,0,0,0,0,0,0,0,0,0,0,0,0,0,0,0,0,0,0,0,0,0,0,0,0,0,0,0,0,0,0,0,0,0,0,0,0,0,0,0,0,0,0,0,0,0,0,0,0,0,0,0,0,0,0,0,0,0,0,0,0,0,0,0,0,0,0,8942,37387,6737,2813,14263,7104,6449,2247,3905,3877,23874,2610,3429,1725,13619,5893
0,0,0,0,0,0,0,0,0,0,0,0,0,0,0,0,0,0,0,0,0,0,0,0,0,0,0,0,0,0,0,0,0,0,0,0,0,0,0,0,0,0,0,0,0,0,0,0,0,0,0,0,0,0,0,0,0,0,0,0,0,0,0,0,0,0,0,0,0,0,0,0,0,0,0,0,0,0,0,0,0,0,0,0,0,14455,10978,4328,7712,3755,12406,6628,22137,2398,8085,2990,5274,2637,4390,7822
0,0,0,0,0,0,0,0,0,0,0,0,0,0,0,0,0,0,0,0,0,0,0,0,0,0,0,0,0,0,0,0,0,0,0,0,0,0,0,0,0,0,0,0,0,0,0,0,0,0,0,0,0,0,0,0,0,0,0,0,0,0,0,0,0,0,0,0,0,0,0,0,0,0,0,0,0,0,0,0,0,0,0,0,0,0,10380,24958,2916,4106,6598,14270,5207,8335,8946,43900,9924,5164,9110,2429
0,0,0,0,0,0,0,0,0,0,0,0,0,0,0,0,0,0,0,0,0,0,0,0,0,0,0,0,0,0,0,0,0,0,0,0,0,0,0,0,0,0,0,0,0,0,0,0,0,0,0,0,0,0,0,0,0,0,0,0,0,0,0,0,0,0,0,0,0,0,0,0,0,0,0,0,0,0,0,0,0,0,0,0,0,0,0,5534,5580,4056,6175,48294,4882,14126,1725,3951,12920,5935,5034,7494
0,0,0,0,0,0,0,0,0,0,0,0,0,0,0,0,0,0,0,0,0,0,0,0,0,0,0,0,0,0,0,0,0,0,0,0,0,0,0,0,0,0,0,0,0,0,0,0,0,0,0,0,0,0,0,0,0,0,0,0,0,0,0,0,0,0,0,0,0,0,0,0,0,0,0,0,0,0,0,0,0,0,0,0,0,0,0,0,3629,6502,16603,14856,6192,6670,3529,5598,26650,8495,8997,4621
0,0,0,0,0,0,0,0,0,0,0,0,0,0,0,0,0,0,0,0,0,0,0,0,0,0,0,0,0,0,0,0,0,0,0,0,0,0,0,0,0,0,0,0,0,0,0,0,0,0,0,0,0,0,0,0,0,0,0,0,0,0,0,0,0,0,0,0,0,0,0,0,0,0,0,0,0,0,0,0,0,0,0,0,0,0,0,0,0,3547,33819,2320,6861,13080,35254,11599,4372,14777,5175,3733
0,0,0,0,0,0,0,0,0,0,0,0,0,0,0,0,0,0,0,0,0,0,0,0,0,0,0,0,0,0,0,0,0,0,0,0,0,0,0,0,0,0,0,0,0,0,0,0,0,0,0,0,0,0,0,0,0,0,0,0,0,0,0,0,0,0,0,0,0,0,0,0,0,0,0,0,0,0,0,0,0,0,0,0,0,0,0,0,0,0,8560,14394,7546,35488,3633,3665,2933,5165,2629,10053
0,0,0,0,0,0,0,0,0,0,0,0,0,0,0,0,0,0,0,0,0,0,0,0,0,0,0,0,0,0,0,0,0,0,0,0,0,0,0,0,0,0,0,0,0,0,0,0,0,0,0,0,0,0,0,0,0,0,0,0,0,0,0,0,0,0,0,0,0,0,0,0,0,0,0,0,0,0,0,0,0,0,0,0,0,0,0,0,0,0,0,4824,4486,5564,9349,11702,6440,6381,4089,11277
0,0,0,0,0,0,0,0,0,0,0,0,0,0,0,0,0,0,0,0,0,0,0,0,0,0,0,0,0,0,0,0,0,0,0,0,0,0,0,0,0,0,0,0,0,0,0,0,0,0,0,0,0,0,0,0,0,0,0,0,0,0,0,0,0,0,0,0,0,0,0,0,0,0,0,0,0,0,0,0,0,0,0,0,0,0,0,0,0,0,0,0,10162,3850,7913,3623,11700,4320,3303,5574
0,0,0,0,0,0,0,0,0,0,0,0,0,0,0,0,0,0,0,0,0,0,0,0,0,0,0,0,0,0,0,0,0,0,0,0,0,0,0,0,0,0,0,0,0,0,0,0,0,0,0,0,0,0,0,0,0,0,0,0,0,0,0,0,0,0,0,0,0,0,0,0,0,0,0,0,0,0,0,0,0,0,0,0,0,0,0,0,0,0,0,0,0,6582,10580,5594,6319,16826,5325,25895
0,0,0,0,0,0,0,0,0,0,0,0,0,0,0,0,0,0,0,0,0,0,0,0,0,0,0,0,0,0,0,0,0,0,0,0,0,0,0,0,0,0,0,0,0,0,0,0,0,0,0,0,0,0,0,0,0,0,0,0,0,0,0,0,0,0,0,0,0,0,0,0,0,0,0,0,0,0,0,0,0,0,0,0,0,0,0,0,0,0,0,0,0,0,4951,9088,5021,11035,4843,8647
0,0,0,0,0,0,0,0,0,0,0,0,0,0,0,0,0,0,0,0,0,0,0,0,0,0,0,0,0,0,0,0,0,0,0,0,0,0,0,0,0,0,0,0,0,0,0,0,0,0,0,0,0,0,0,0,0,0,0,0,0,0,0,0,0,0,0,0,0,0,0,0,0,0,0,0,0,0,0,0,0,0,0,0,0,0,0,0,0,0,0,0,0,0,0,1998,3724,8903,4683,6498
0,0,0,0,0,0,0,0,0,0,0,0,0,0,0,0,0,0,0,0,0,0,0,0,0,0,0,0,0,0,0,0,0,0,0,0,0,0,0,0,0,0,0,0,0,0,0,0,0,0,0,0,0,0,0,0,0,0,0,0,0,0,0,0,0,0,0,0,0,0,0,0,0,0,0,0,0,0,0,0,0,0,0,0,0,0,0,0,0,0,0,0,0,0,0,0,15408,3697,16025,7372
0,0,0,0,0,0,0,0,0,0,0,0,0,0,0,0,0,0,0,0,0,0,0,0,0,0,0,0,0,0,0,0,0,0,0,0,0,0,0,0,0,0,0,0,0,0,0,0,0,0,0,0,0,0,0,0,0,0,0,0,0,0,0,0,0,0,0,0,0,0,0,0,0,0,0,0,0,0,0,0,0,0,0,0,0,0,0,0,0,0,0,0,0,0,0,0,0,14164,7935,3079
0,0,0,0,0,0,0,0,0,0,0,0,0,0,0,0,0,0,0,0,0,0,0,0,0,0,0,0,0,0,0,0,0,0,0,0,0,0,0,0,0,0,0,0,0,0,0,0,0,0,0,0,0,0,0,0,0,0,0,0,0,0,0,0,0,0,0,0,0,0,0,0,0,0,0,0,0,0,0,0,0,0,0,0,0,0,0,0,0,0,0,0,0,0,0,0,0,0,5159,3992
0,0,0,0,0,0,0,0,0,0,0,0,0,0,0,0,0,0,0,0,0,0,0,0,0,0,0,0,0,0,0,0,0,0,0,0,0,0,0,0,0,0,0,0,0,0,0,0,0,0,0,0,0,0,0,0,0,0,0,0,0,0,0,0,0,0,0,0,0,0,0,0,0,0,0,0,0,0,0,0,0,0,0,0,0,0,0,0,0,0,0,0,0,0,0,0,0,0,0,3430
